,Entity,F1_score,precision,recall
0,knowledge,0.6000000000000001,0.59375,0.6063829787234043
1,areas,0.1818181818181818,0.2727272727272727,0.13636363636363635
2,skills,0.6402439024390243,0.6325301204819277,0.6481481481481481
3,experience,0.5964912280701755,0.6296296296296297,0.5666666666666667
4,diploam,0.7368421052631579,0.875,0.6363636363636364
5,major,0.7368421052631579,0.875,0.6363636363636364
6,Micro-average,0.5820395871422829,0.6216216216216216,0.5897435897435898
7,Macro-average,0.5820395871422829,0.6464395038064717,0.538381450438188
