,Relation,F1_score,precision,recall
0,knowledge_skills,0.6545454545454547,0.627906976744186,0.6835443037974683
1,knowledge_areas,0.24,0.3,0.2
2,experience_skills,0.6257668711656442,0.6375,0.6144578313253012
3,experience_areas,0.0,0.0,0.0
4,degree_in,0.7368421052631579,0.875,0.6363636363636364
5,All,0.6052631578947368,0.6216216216216216,0.5897435897435898
6,Micro-average,0.45143088619485133,0.6216216216216216,0.5897435897435898
7,Macro-average,0.45143088619485133,0.48808139534883727,0.4268731542972811
