,Relation,F1_score,precision,recall
0,knowledge_skills,0.7404580152671756,0.7185185185185186,0.7637795275590551
1,knowledge_areas,0.41666666666666663,0.45454545454545453,0.38461538461538464
2,experience_skills,0.6762589928057554,0.6714285714285714,0.6811594202898551
3,experience_areas,0.26666666666666666,0.4,0.2
4,degree_in,0.25,0.25,0.25
5,All,0.6785714285714285,0.6755555555555556,0.6816143497757847
6,Micro-average,0.4700100682812529,0.6755555555555556,0.6816143497757847
7,Macro-average,0.4700100682812529,0.4988985088985089,0.45591086649285895
