,Entity,F1_score,precision,recall
0,knowledge,0.40816326530612246,0.47619047619047616,0.35714285714285715
1,areas,0.0,0.0,0.0
2,skills,0.39560439560439564,0.5373134328358209,0.3130434782608696
3,experience,0.30769230769230765,0.5161290322580645,0.2191780821917808
4,diploam,0.5,0.5555555555555556,0.45454545454545453
5,major,0.5,0.5555555555555556,0.45454545454545453
6,Micro-average,0.3519099947671376,0.5,0.29285714285714287
7,Macro-average,0.3519099947671376,0.4401240087325788,0.2997425544477361
