,Relation,F1_score,precision,recall
0,knowledge_skills,0.3088235294117647,0.3684210526315789,0.26582278481012656
1,knowledge_areas,0.14814814814814814,0.13333333333333333,0.16666666666666666
2,experience_skills,0.3333333333333333,0.631578947368421,0.22641509433962265
3,experience_areas,0.0,0.0,0.0
4,degree_in,0.5,0.5,0.5
5,All,0.30204081632653057,0.3894736842105263,0.24666666666666667
6,Micro-average,0.25806100217864925,0.3894736842105263,0.24666666666666667
7,Macro-average,0.25806100217864925,0.32666666666666666,0.23178090916328314
