,Relation,F1_score,precision,recall
0,knowledge_skills,0.46511627906976744,0.5405405405405406,0.40816326530612246
1,knowledge_areas,0.0,0.0,0.0
2,experience_skills,0.3333333333333333,0.5333333333333333,0.24242424242424243
3,experience_areas,0.0,0.0,0.0
4,degree_in,0.5,0.5555555555555556,0.45454545454545453
5,All,0.36936936936936937,0.5,0.29285714285714287
6,Micro-average,0.2596899224806202,0.5,0.29285714285714287
7,Macro-average,0.2596899224806202,0.3258858858858859,0.2210265924551639
