,Entity,F1_score,precision,recall
0,knowledge,0.6494845360824744,0.65625,0.6428571428571429
1,areas,0.56,0.6363636363636364,0.5
2,skills,0.6493506493506493,0.6493506493506493,0.6493506493506493
3,experience,0.6219512195121951,0.6375,0.6071428571428571
4,diploam,0.6363636363636364,0.6363636363636364,0.6363636363636364
5,major,0.6363636363636364,0.6363636363636364,0.6363636363636364
6,Micro-average,0.6255856129454319,0.6470588235294118,0.6269430051813472
7,Macro-average,0.6255856129454319,0.6420319264069264,0.612012987012987
