,Relation,F1_score,precision,recall
0,knowledge_skills,0.6708074534161491,0.6585365853658537,0.6835443037974683
1,knowledge_areas,0.5454545454545454,0.6428571428571429,0.47368421052631576
2,experience_skills,0.6258503401360543,0.6388888888888888,0.6133333333333333
3,experience_areas,0.5882352941176471,0.625,0.5555555555555556
4,degree_in,0.6363636363636364,0.6363636363636364,0.6363636363636364
5,All,0.636842105263158,0.6470588235294118,0.6269430051813472
6,Micro-average,0.6133422538976064,0.6470588235294118,0.6269430051813472
7,Macro-average,0.6133422538976064,0.6403292506951044,0.5924962079152618
