,Relation,F1_score,precision,recall
0,knowledge_skills,0.6875,0.6821705426356589,0.6929133858267716
1,knowledge_areas,0.42857142857142855,0.4,0.46153846153846156
2,experience_skills,0.6470588235294118,0.6470588235294118,0.6470588235294118
3,experience_areas,0.35294117647058826,0.375,0.3333333333333333
4,degree_in,0.25,0.25,0.25
5,All,0.6382022471910112,0.6339285714285714,0.6425339366515838
6,Micro-average,0.47321428571428575,0.6339285714285714,0.6425339366515838
7,Macro-average,0.47321428571428575,0.4708458732330142,0.47696880084559573
