,Entity,F1_score,precision,recall
0,knowledge,0.7333333333333334,0.7142857142857143,0.7534246575342466
1,areas,0.5714285714285714,0.7,0.4827586206896552
2,skills,0.7494646680942184,0.7231404958677686,0.7777777777777778
3,experience,0.7314814814814816,0.7314814814814815,0.7314814814814815
4,diploam,0.888888888888889,0.9230769230769231,0.8571428571428571
5,major,0.888888888888889,0.9230769230769231,0.8571428571428571
6,Micro-average,0.7605809720192305,0.730909090909091,0.75
7,Macro-average,0.7605809720192305,0.7858435896314684,0.7432880419614792
