,Relation,F1_score,precision,recall
0,knowledge_skills,0.7518796992481204,0.7194244604316546,0.7874015748031497
1,knowledge_areas,0.5882352941176471,0.6666666666666666,0.5263157894736842
2,experience_skills,0.7462686567164178,0.7281553398058253,0.7653061224489796
3,experience_areas,0.5333333333333333,0.8,0.4
4,degree_in,0.888888888888889,0.9230769230769231,0.8571428571428571
5,All,0.7403314917127072,0.730909090909091,0.75
6,Micro-average,0.7017211744608814,0.730909090909091,0.75
7,Macro-average,0.7017211744608814,0.767464677996214,0.6672332687737341
