,Relation,F1_score,precision,recall
0,knowledge_skills,0.7634069400630915,0.7469135802469136,0.7806451612903226
1,knowledge_areas,0.6153846153846154,0.8,0.5
2,experience_skills,0.7777777777777778,0.7706422018348624,0.7850467289719626
3,experience_areas,0.37499999999999994,0.5,0.3
4,degree_in,0.9130434782608695,0.9130434782608695,0.9130434782608695
5,All,0.7573415765069551,0.765625,0.7492354740061162
6,Micro-average,0.6889225622972709,0.765625,0.7492354740061162
7,Macro-average,0.6889225622972709,0.746119852068529,0.6557470737046309
